timestamp_ns,side,price,qty,action
1700000000100,BID,100.00,15,INSERT
1700000000200,ASK,100.50,20,INSERT
1700000000300,BID,101.00,25,INSERT
1700000000400,ASK,100.70,30,INSERT
1700000000500,BID,101.20,35,INSERT
1700000000600,ASK,101.50,40,INSERT
1700000000700,BID,100.00,10,INSERT
1700000000800,ASK,100.50,15,INSERT
1700000000900,BID,101.00,20,INSERT
1700000001000,ASK,100.70,25,INSERT
1700000001100,BID,101.20,30,INSERT
1700000001200,ASK,101.50,35,INSERT
1700000001300,BID,100.00,40,INSERT
1700000001400,ASK,100.50,10,INSERT
1700000001500,BID,101.00,15,INSERT
1700000001600,ASK,100.70,20,INSERT
1700000001700,BID,101.20,25,INSERT
1700000001800,ASK,101.50,30,INSERT
1700000001900,BID,100.00,35,INSERT
1700000002000,ASK,100.50,40,INSERT
1700000002100,BID,101.00,10,INSERT
1700000002200,ASK,100.70,15,INSERT
1700000002300,BID,101.20,20,INSERT
1700000002400,ASK,101.50,25,INSERT
1700000002500,BID,100.00,30,INSERT
1700000002600,ASK,100.50,35,INSERT
1700000002700,BID,101.00,40,INSERT
1700000002800,ASK,100.70,10,INSERT
1700000002900,BID,101.20,15,INSERT
1700000003000,ASK,101.50,20,INSERT
1700000003100,BID,100.00,25,INSERT
1700000003200,ASK,100.50,30,INSERT
1700000003300,BID,101.00,35,INSERT
1700000003400,ASK,100.70,40,INSERT
1700000003500,BID,101.20,10,INSERT
1700000003600,ASK,101.50,15,INSERT
1700000003700,BID,100.00,20,INSERT
1700000003800,ASK,100.50,25,INSERT
1700000003900,BID,101.00,30,INSERT
1700000004000,ASK,100.70,35,INSERT
1700000004100,BID,101.20,40,INSERT
1700000004200,ASK,101.50,10,INSERT
1700000004300,BID,100.00,15,INSERT
1700000004400,ASK,100.50,20,INSERT
1700000004500,BID,101.00,25,INSERT
1700000004600,ASK,100.70,30,INSERT
1700000004700,BID,101.20,35,INSERT
1700000004800,ASK,101.50,40,INSERT
1700000004900,BID,100.00,10,INSERT
1700000005000,ASK,100.50,15,INSERT
1700000005100,BID,101.00,20,INSERT
1700000005200,ASK,100.70,25,INSERT
1700000005300,BID,101.20,30,INSERT
1700000005400,ASK,101.50,35,INSERT
1700000005500,BID,100.00,40,INSERT
1700000005600,ASK,100.50,10,INSERT
1700000005700,BID,101.00,15,INSERT
1700000005800,ASK,100.70,20,INSERT
1700000005900,BID,101.20,25,INSERT
1700000006000,ASK,101.50,30,INSERT
1700000006100,BID,100.00,35,INSERT
1700000006200,ASK,100.50,40,INSERT
1700000006300,BID,101.00,10,INSERT
1700000006400,ASK,100.70,15,INSERT
1700000006500,BID,101.20,20,INSERT
1700000006600,ASK,101.50,25,INSERT
1700000006700,BID,100.00,30,INSERT
1700000006800,ASK,100.50,35,INSERT
1700000006900,BID,101.00,40,INSERT
1700000007000,ASK,100.70,10,INSERT
1700000007100,BID,101.20,15,INSERT
1700000007200,ASK,101.50,20,INSERT
1700000007300,BID,100.00,25,INSERT
1700000007400,ASK,100.50,30,INSERT
1700000007500,BID,101.00,35,INSERT
1700000007600,ASK,100.70,40,INSERT
1700000007700,BID,101.20,10,INSERT
1700000007800,ASK,101.50,15,INSERT
1700000007900,BID,100.00,20,INSERT
1700000008000,ASK,100.50,25,INSERT
1700000008100,BID,101.00,30,INSERT
1700000008200,ASK,100.70,35,INSERT
1700000008300,BID,101.20,40,INSERT
1700000008400,ASK,101.50,10,INSERT
1700000008500,BID,100.00,15,INSERT
1700000008600,ASK,100.50,20,INSERT
1700000008700,BID,101.00,25,INSERT
1700000008800,ASK,100.70,30,INSERT
1700000008900,BID,101.20,35,INSERT
1700000009000,ASK,101.50,40,INSERT
1700000009100,BID,100.00,10,INSERT
1700000009200,ASK,100.50,15,INSERT
1700000009300,BID,101.00,20,INSERT
1700000009400,ASK,100.70,25,INSERT
1700000009500,BID,101.20,30,INSERT
1700000009600,ASK,101.50,35,INSERT
1700000009700,BID,100.00,40,INSERT
1700000009800,ASK,100.50,10,INSERT
1700000009900,BID,101.00,15,INSERT
1700000010000,ASK,100.70,20,INSERT
1700000010100,BID,101.20,25,INSERT
1700000010200,ASK,101.50,30,INSERT
1700000010300,BID,100.00,35,INSERT
1700000010400,ASK,100.50,40,INSERT
1700000010500,BID,101.00,10,INSERT
1700000010600,ASK,100.70,15,INSERT
1700000010700,BID,101.20,20,INSERT
1700000010800,ASK,101.50,25,INSERT
1700000010900,BID,100.00,30,INSERT
1700000011000,ASK,100.50,35,INSERT
1700000011100,BID,101.00,40,INSERT
1700000011200,ASK,100.70,10,INSERT
1700000011300,BID,101.20,15,INSERT
1700000011400,ASK,101.50,20,INSERT
1700000011500,BID,100.00,25,INSERT
1700000011600,ASK,100.50,30,INSERT
1700000011700,BID,101.00,35,INSERT
1700000011800,ASK,100.70,40,INSERT
1700000011900,BID,101.20,10,INSERT
1700000012000,ASK,101.50,15,INSERT
1700000012100,ASK,100.00,15,UPDATE
1700000012200,ASK,100.50,15,UPDATE
1700000012300,BID,101.00,15,UPDATE
1700000012400,ASK,100.70,15,UPDATE
1700000012500,ASK,101.20,25,UPDATE
1700000012600,BID,101.50,15,UPDATE
1700000012700,ASK,100.00,15,UPDATE
1700000012800,ASK,100.50,15,UPDATE
1700000012900,BID,101.00,15,UPDATE
1700000013000,ASK,100.70,25,UPDATE
1700000013100,ASK,101.20,15,UPDATE
1700000013200,BID,101.50,15,UPDATE
1700000013300,ASK,100.00,15,UPDATE
1700000013400,ASK,100.50,15,UPDATE
1700000013500,BID,101.00,25,UPDATE
1700000013600,ASK,100.70,15,UPDATE
1700000013700,ASK,101.20,15,UPDATE
1700000013800,BID,101.50,15,UPDATE
1700000013900,ASK,100.00,15,UPDATE
1700000014000,ASK,100.50,25,UPDATE
1700000014100,BID,101.00,15,UPDATE
1700000014200,ASK,100.70,15,UPDATE
1700000014300,ASK,101.20,15,UPDATE
1700000014400,BID,101.50,15,UPDATE
1700000014500,ASK,100.00,25,UPDATE
1700000014600,ASK,100.50,15,UPDATE
1700000014700,BID,101.00,15,UPDATE
1700000014800,ASK,100.70,15,UPDATE
1700000014900,ASK,101.20,15,UPDATE
1700000015000,BID,101.50,25,UPDATE
1700000015100,ASK,100.00,15,UPDATE
1700000015200,ASK,100.50,15,UPDATE
1700000015300,BID,101.00,15,UPDATE
1700000015400,ASK,100.70,15,UPDATE
1700000015500,ASK,101.20,25,UPDATE
1700000015600,BID,101.50,15,UPDATE
1700000015700,ASK,100.00,15,UPDATE
1700000015800,ASK,100.50,15,UPDATE
1700000015900,BID,101.00,15,UPDATE
1700000016000,ASK,100.70,25,UPDATE
1700000016100,ASK,101.20,15,UPDATE
1700000016200,BID,101.50,15,UPDATE
1700000016300,ASK,100.00,15,UPDATE
1700000016400,ASK,100.50,15,UPDATE
1700000016500,BID,101.00,25,UPDATE
1700000016600,ASK,100.70,15,UPDATE
1700000016700,ASK,101.20,15,UPDATE
1700000016800,BID,101.50,15,UPDATE
1700000016900,ASK,100.00,15,UPDATE
1700000017000,ASK,100.50,25,UPDATE
1700000017100,BID,101.00,15,UPDATE
1700000017200,ASK,100.70,15,UPDATE
1700000017300,ASK,101.20,15,UPDATE
1700000017400,BID,101.50,15,UPDATE
1700000017500,ASK,100.00,25,UPDATE
1700000017600,ASK,100.50,15,UPDATE
1700000017700,BID,101.00,15,UPDATE
1700000017800,ASK,100.70,15,UPDATE
1700000017900,ASK,101.20,15,UPDATE
1700000018000,BID,101.50,25,UPDATE
1700000018100,ASK,100.00,15,UPDATE
1700000018200,ASK,100.50,15,UPDATE
1700000018300,BID,101.00,15,UPDATE
1700000018400,ASK,100.70,15,UPDATE
1700000018500,ASK,101.20,25,UPDATE
1700000018600,BID,101.50,15,UPDATE
1700000018700,ASK,100.00,15,UPDATE
1700000018800,ASK,100.50,15,UPDATE
1700000018900,BID,101.00,15,UPDATE
1700000019000,ASK,100.70,25,UPDATE
1700000019100,ASK,101.20,15,UPDATE
1700000019200,BID,101.50,15,UPDATE
1700000019300,ASK,100.00,15,UPDATE
1700000019400,ASK,100.50,15,UPDATE
1700000019500,BID,101.00,25,UPDATE
1700000019600,ASK,100.70,15,UPDATE
1700000019700,ASK,101.20,15,UPDATE
1700000019800,BID,101.50,15,UPDATE
1700000019900,ASK,100.00,15,UPDATE
1700000020000,ASK,100.50,25,UPDATE
1700000020100,BID,101.00,15,UPDATE
1700000020200,ASK,100.70,15,UPDATE
1700000020300,ASK,101.20,15,UPDATE
1700000020400,BID,101.50,15,UPDATE
1700000020500,ASK,100.00,25,UPDATE
1700000020600,ASK,100.50,15,UPDATE
1700000020700,BID,101.00,15,UPDATE
1700000020800,ASK,100.70,15,UPDATE
1700000020900,ASK,101.20,15,UPDATE
1700000021000,BID,101.50,25,UPDATE
1700000021100,ASK,100.00,15,UPDATE
1700000021200,ASK,100.50,15,UPDATE
1700000021300,BID,101.00,15,UPDATE
1700000021400,ASK,100.70,15,UPDATE
1700000021500,ASK,101.20,25,UPDATE
1700000021600,BID,101.50,15,UPDATE
1700000021700,ASK,100.00,15,UPDATE
1700000021800,ASK,100.50,15,UPDATE
1700000021900,BID,101.00,15,UPDATE
1700000022000,ASK,100.70,25,UPDATE
1700000022100,ASK,101.00,40,UPDATE
1700000022200,BID,101.00,20,UPDATE
1700000022300,ASK,101.00,24,UPDATE
1700000022400,BID,100.00,28,UPDATE
1700000022500,ASK,101.00,0,DELETE
1700000022600,BID,101.00,36,UPDATE
1700000022700,ASK,101.00,40,UPDATE
1700000022800,BID,100.00,20,UPDATE
1700000022900,ASK,101.00,24,UPDATE
1700000023000,BID,101.00,28,UPDATE
1700000023100,ASK,101.00,32,UPDATE
1700000023200,BID,100.00,36,UPDATE
1700000023300,ASK,101.00,40,UPDATE
1700000023400,BID,101.00,0,DELETE
1700000023500,ASK,101.00,24,UPDATE
1700000023600,BID,100.00,28,UPDATE
1700000023700,ASK,101.00,32,UPDATE
1700000023800,BID,101.00,36,UPDATE
1700000023900,ASK,101.00,40,UPDATE
1700000024000,BID,100.00,20,UPDATE
1700000024100,ASK,101.00,24,UPDATE
1700000024200,BID,101.00,28,UPDATE
1700000024300,ASK,101.00,0,DELETE
1700000024400,BID,100.00,36,UPDATE
1700000024500,ASK,101.00,40,UPDATE
1700000024600,BID,101.00,20,UPDATE
1700000024700,ASK,101.00,24,UPDATE
1700000024800,BID,100.00,28,UPDATE
1700000024900,ASK,101.00,32,UPDATE
1700000025000,BID,101.00,36,UPDATE
1700000025100,ASK,101.00,40,UPDATE
1700000025200,BID,100.00,0,DELETE
1700000025300,ASK,101.00,24,UPDATE
1700000025400,BID,101.00,28,UPDATE
1700000025500,ASK,101.00,32,UPDATE
1700000025600,BID,100.00,36,UPDATE
1700000025700,ASK,101.00,40,UPDATE
1700000025800,BID,101.00,20,UPDATE
1700000025900,ASK,101.00,24,UPDATE
1700000026000,BID,100.00,28,UPDATE
1700000026100,ASK,101.00,0,DELETE
1700000026200,BID,101.00,36,UPDATE
1700000026300,ASK,101.00,40,UPDATE
1700000026400,BID,100.00,20,UPDATE
1700000026500,ASK,101.00,24,UPDATE
1700000026600,BID,101.00,28,UPDATE
1700000026700,ASK,101.00,32,UPDATE
1700000026800,BID,100.00,36,UPDATE
1700000026900,ASK,101.00,40,UPDATE
1700000027000,BID,101.00,0,DELETE
1700000027100,ASK,101.00,24,UPDATE
1700000027200,BID,100.00,28,UPDATE
1700000027300,ASK,101.00,32,UPDATE
1700000027400,BID,101.00,36,UPDATE
1700000027500,ASK,101.00,40,UPDATE
1700000027600,BID,100.00,20,UPDATE
1700000027700,ASK,101.00,24,UPDATE
1700000027800,BID,101.00,28,UPDATE
1700000027900,ASK,101.00,0,DELETE
1700000028000,BID,100.00,36,UPDATE
1700000028100,ASK,101.00,40,UPDATE
1700000028200,BID,101.00,20,UPDATE
1700000028300,ASK,101.00,24,UPDATE
1700000028400,BID,100.00,28,UPDATE
1700000028500,ASK,101.00,32,UPDATE
1700000028600,BID,101.00,36,UPDATE
1700000028700,ASK,101.00,40,UPDATE
1700000028800,BID,100.00,0,DELETE
1700000028900,ASK,101.00,24,UPDATE
1700000029000,BID,101.00,28,UPDATE
1700000029100,ASK,101.00,32,UPDATE
1700000029200,BID,100.00,36,UPDATE
1700000029300,ASK,101.00,40,UPDATE
1700000029400,BID,101.00,20,UPDATE
1700000029500,ASK,101.00,24,UPDATE
1700000029600,BID,100.00,28,UPDATE
1700000029700,ASK,101.00,0,DELETE
1700000029800,BID,101.00,36,UPDATE
1700000029900,ASK,101.00,40,UPDATE
1700000030000,BID,100.00,20,UPDATE
1700000030100,ASK,101.00,24,UPDATE
1700000030200,BID,101.00,28,UPDATE
1700000030300,ASK,101.00,32,UPDATE
1700000030400,BID,100.00,36,UPDATE
1700000030500,ASK,101.00,40,UPDATE
1700000030600,BID,101.00,0,DELETE
1700000030700,ASK,101.00,24,UPDATE
1700000030800,BID,100.00,28,UPDATE
1700000030900,ASK,101.00,32,UPDATE
1700000031000,BID,101.00,36,UPDATE
1700000031100,ASK,101.00,40,UPDATE
1700000031200,BID,100.00,20,UPDATE
1700000031300,ASK,101.00,24,UPDATE
1700000031400,BID,101.00,28,UPDATE
1700000031500,ASK,101.00,0,DELETE
1700000031600,BID,100.00,36,UPDATE
1700000031700,ASK,101.00,40,UPDATE
1700000031800,BID,101.00,20,UPDATE
1700000031900,ASK,101.00,24,UPDATE
1700000032000,BID,100.00,28,UPDATE
1700000032100,ASK,100.30,35,INSERT
1700000032200,BID,101.00,40,INSERT
1700000032300,ASK,100.60,45,INSERT
1700000032400,BID,100.20,50,INSERT
1700000032500,ASK,100.90,55,INSERT
1700000032600,BID,100.50,60,INSERT
1700000032700,ASK,100.10,65,INSERT
1700000032800,BID,100.80,30,INSERT
1700000032900,ASK,100.40,35,INSERT
1700000033000,BID,100.00,40,INSERT
1700000033100,ASK,100.70,45,INSERT
1700000033200,BID,100.30,50,INSERT
1700000033300,ASK,101.00,55,INSERT
1700000033400,BID,100.60,60,INSERT
1700000033500,ASK,100.20,65,INSERT
1700000033600,BID,100.90,30,INSERT
1700000033700,ASK,100.50,35,INSERT
1700000033800,BID,100.10,40,INSERT
1700000033900,ASK,100.80,45,INSERT
1700000034000,BID,100.40,50,INSERT
1700000034100,ASK,100.00,55,INSERT
1700000034200,BID,100.70,60,INSERT
1700000034300,ASK,100.30,65,INSERT
1700000034400,BID,101.00,30,INSERT
1700000034500,ASK,100.60,35,INSERT
1700000034600,BID,100.20,40,INSERT
1700000034700,ASK,100.90,45,INSERT
1700000034800,BID,100.50,50,INSERT
1700000034900,ASK,100.10,55,INSERT
1700000035000,BID,100.80,60,INSERT
1700000035100,ASK,100.40,65,INSERT
1700000035200,BID,100.00,30,INSERT
1700000035300,ASK,100.70,35,INSERT
1700000035400,BID,100.30,40,INSERT
1700000035500,ASK,101.00,45,INSERT
1700000035600,BID,100.60,50,INSERT
1700000035700,ASK,100.20,55,INSERT
1700000035800,BID,100.90,60,INSERT
1700000035900,ASK,100.50,65,INSERT
1700000036000,BID,100.10,30,INSERT
1700000036100,ASK,100.80,35,INSERT
1700000036200,BID,100.40,40,INSERT
1700000036300,ASK,100.00,45,INSERT
1700000036400,BID,100.70,50,INSERT
1700000036500,ASK,100.30,55,INSERT
1700000036600,BID,101.00,60,INSERT
1700000036700,ASK,100.60,65,INSERT
1700000036800,BID,100.20,30,INSERT
1700000036900,ASK,100.90,35,INSERT
1700000037000,BID,100.50,40,INSERT
1700000037100,ASK,100.10,45,INSERT
1700000037200,BID,100.80,50,INSERT
1700000037300,ASK,100.40,55,INSERT
1700000037400,BID,100.00,60,INSERT
1700000037500,ASK,100.70,65,INSERT
1700000037600,BID,100.30,30,INSERT
1700000037700,ASK,101.00,35,INSERT
1700000037800,BID,100.60,40,INSERT
1700000037900,ASK,100.20,45,INSERT
1700000038000,BID,100.90,50,INSERT
1700000038100,ASK,100.50,55,INSERT
1700000038200,BID,100.10,60,INSERT
1700000038300,ASK,100.80,65,INSERT
1700000038400,BID,100.40,30,INSERT
1700000038500,ASK,100.00,35,INSERT
1700000038600,BID,100.70,40,INSERT
1700000038700,ASK,100.30,45,INSERT
1700000038800,BID,101.00,50,INSERT
1700000038900,ASK,100.60,55,INSERT
1700000039000,BID,100.20,60,INSERT
1700000039100,ASK,100.90,65,INSERT
1700000039200,BID,100.50,30,INSERT
1700000039300,ASK,100.10,35,INSERT
1700000039400,BID,100.80,40,INSERT
1700000039500,ASK,100.40,45,INSERT
1700000039600,BID,100.00,50,INSERT
1700000039700,ASK,100.70,55,INSERT
1700000039800,BID,100.30,60,INSERT
1700000039900,ASK,101.00,65,INSERT
1700000040000,BID,100.60,30,INSERT
1700000040100,ASK,100.20,35,INSERT
1700000040200,BID,100.90,40,INSERT
1700000040300,ASK,100.50,45,INSERT
1700000040400,BID,100.10,50,INSERT
1700000040500,ASK,100.80,55,INSERT
1700000040600,BID,100.40,60,INSERT
1700000040700,ASK,100.00,65,INSERT
1700000040800,BID,100.70,30,INSERT
1700000040900,ASK,100.30,35,INSERT
1700000041000,BID,101.00,40,INSERT
1700000041100,ASK,100.60,45,INSERT
1700000041200,BID,100.20,50,INSERT
1700000041300,ASK,100.90,55,INSERT
1700000041400,BID,100.50,60,INSERT
1700000041500,ASK,100.10,65,INSERT
1700000041600,BID,100.80,30,INSERT
1700000041700,ASK,100.40,35,INSERT
1700000041800,BID,100.00,40,INSERT
1700000041900,ASK,100.70,45,INSERT
1700000042000,BID,100.30,50,INSERT
1700000042100,ASK,101.00,55,INSERT
1700000042200,BID,100.60,60,INSERT
1700000042300,ASK,100.20,65,INSERT
1700000042400,BID,100.90,30,INSERT
1700000042500,ASK,100.50,35,INSERT
1700000042600,BID,100.10,40,INSERT
1700000042700,ASK,100.80,45,INSERT
1700000042800,BID,100.40,50,INSERT
1700000042900,ASK,100.00,55,INSERT
1700000043000,BID,100.70,60,INSERT
1700000043100,ASK,100.30,65,INSERT
1700000043200,BID,101.00,30,INSERT
1700000043300,ASK,100.60,35,INSERT
1700000043400,BID,100.20,40,INSERT
1700000043500,ASK,100.90,45,INSERT
1700000043600,BID,100.50,50,INSERT
1700000043700,ASK,100.10,55,INSERT
1700000043800,BID,100.80,60,INSERT
1700000043900,ASK,100.40,65,INSERT
1700000044000,BID,100.00,30,INSERT
1700000044100,ASK,100.70,35,INSERT
1700000044200,BID,100.30,40,INSERT
1700000044300,ASK,101.00,45,INSERT
1700000044400,BID,100.60,50,INSERT
1700000044500,ASK,100.20,55,INSERT
1700000044600,BID,100.90,60,INSERT
1700000044700,ASK,100.50,65,INSERT
1700000044800,BID,100.10,30,INSERT
1700000044900,ASK,100.80,35,INSERT
1700000045000,BID,100.40,40,INSERT
1700000045100,ASK,100.00,45,INSERT
1700000045200,BID,100.70,50,INSERT
1700000045300,ASK,100.30,55,INSERT
1700000045400,BID,101.00,60,INSERT
1700000045500,ASK,100.60,65,INSERT
1700000045600,BID,100.20,30,INSERT
1700000045700,ASK,100.90,35,INSERT
1700000045800,BID,100.50,40,INSERT
1700000045900,ASK,100.10,45,INSERT
1700000046000,BID,100.80,50,INSERT
1700000046100,ASK,100.40,55,INSERT
1700000046200,BID,100.00,60,INSERT
1700000046300,ASK,100.70,65,INSERT
1700000046400,BID,100.30,30,INSERT
1700000046500,ASK,101.00,35,INSERT
1700000046600,BID,100.60,40,INSERT
1700000046700,ASK,100.20,45,INSERT
1700000046800,BID,100.90,50,INSERT
1700000046900,ASK,100.50,55,INSERT
1700000047000,BID,100.10,60,INSERT
1700000047100,ASK,100.80,65,INSERT
1700000047200,BID,100.40,30,INSERT
1700000047300,ASK,100.00,35,INSERT
1700000047400,BID,100.70,40,INSERT
1700000047500,ASK,100.30,45,INSERT
1700000047600,BID,101.00,50,INSERT
1700000047700,ASK,100.60,55,INSERT
1700000047800,BID,100.20,60,INSERT
1700000047900,ASK,100.90,65,INSERT
1700000048000,BID,100.50,30,INSERT
1700000048100,ASK,100.10,35,INSERT
1700000048200,BID,100.80,40,INSERT
1700000048300,ASK,100.40,45,INSERT
1700000048400,BID,100.00,50,INSERT
1700000048500,ASK,100.70,55,INSERT
1700000048600,BID,100.30,60,INSERT
1700000048700,ASK,101.00,65,INSERT
1700000048800,BID,100.60,30,INSERT
1700000048900,ASK,100.20,35,INSERT
1700000049000,BID,100.90,40,INSERT
1700000049100,ASK,100.50,45,INSERT
1700000049200,BID,100.10,50,INSERT
1700000049300,ASK,100.80,55,INSERT
1700000049400,BID,100.40,60,INSERT
1700000049500,ASK,100.00,65,INSERT
1700000049600,BID,100.70,30,INSERT
1700000049700,ASK,100.30,35,INSERT
1700000049800,BID,101.00,40,INSERT
1700000049900,ASK,100.60,45,INSERT
1700000050000,BID,100.20,50,INSERT
1700000050100,ASK,100.90,55,INSERT
1700000050200,BID,100.50,60,INSERT
1700000050300,ASK,100.10,65,INSERT
1700000050400,BID,100.80,30,INSERT
1700000050500,ASK,100.40,35,INSERT
1700000050600,BID,100.00,40,INSERT
1700000050700,ASK,100.70,45,INSERT
1700000050800,BID,100.30,50,INSERT
1700000050900,ASK,101.00,55,INSERT
1700000051000,BID,100.60,60,INSERT
1700000051100,ASK,100.20,65,INSERT
1700000051200,BID,100.90,30,INSERT
1700000051300,ASK,100.50,35,INSERT
1700000051400,BID,100.10,40,INSERT
1700000051500,ASK,100.80,45,INSERT
1700000051600,BID,100.40,50,INSERT
1700000051700,ASK,100.00,55,INSERT
1700000051800,BID,100.70,60,INSERT
1700000051900,ASK,100.30,65,INSERT
1700000052000,BID,101.00,30,INSERT
1700000052100,ASK,100.60,35,INSERT
1700000052200,BID,100.20,40,INSERT
1700000052300,ASK,100.90,45,INSERT
1700000052400,BID,100.50,50,INSERT
1700000052500,ASK,100.10,55,INSERT
1700000052600,BID,100.80,60,INSERT
1700000052700,ASK,100.40,65,INSERT
1700000052800,BID,100.00,30,INSERT
1700000052900,ASK,100.70,35,INSERT
1700000053000,BID,100.30,40,INSERT
1700000053100,ASK,101.00,45,INSERT
1700000053200,BID,100.60,50,INSERT
1700000053300,ASK,100.20,55,INSERT
1700000053400,BID,100.90,60,INSERT
1700000053500,ASK,100.50,65,INSERT
1700000053600,BID,100.10,30,INSERT
1700000053700,ASK,100.80,35,INSERT
1700000053800,BID,100.40,40,INSERT
1700000053900,ASK,100.00,45,INSERT
1700000054000,BID,100.70,50,INSERT
1700000054100,ASK,100.30,55,INSERT
1700000054200,BID,101.00,60,INSERT
1700000054300,ASK,100.60,65,INSERT
1700000054400,BID,100.20,30,INSERT
1700000054500,ASK,100.90,35,INSERT
1700000054600,BID,100.50,40,INSERT
1700000054700,ASK,100.10,45,INSERT
1700000054800,BID,100.80,50,INSERT
1700000054900,ASK,100.40,55,INSERT
1700000055000,BID,100.00,60,INSERT
1700000055100,ASK,100.70,65,INSERT
1700000055200,BID,100.30,30,INSERT
1700000055300,ASK,101.00,35,INSERT
1700000055400,BID,100.60,40,INSERT
1700000055500,ASK,100.20,45,INSERT
1700000055600,BID,100.90,50,INSERT
1700000055700,ASK,100.50,55,INSERT
1700000055800,BID,100.10,60,INSERT
1700000055900,ASK,100.80,65,INSERT
1700000056000,BID,100.40,30,INSERT
1700000056100,ASK,100.00,35,INSERT
1700000056200,BID,100.70,40,INSERT
1700000056300,ASK,100.30,45,INSERT
1700000056400,BID,101.00,50,INSERT
1700000056500,ASK,100.60,55,INSERT
1700000056600,BID,100.20,60,INSERT
1700000056700,ASK,100.90,65,INSERT
1700000056800,BID,100.50,30,INSERT
1700000056900,ASK,100.10,35,INSERT
1700000057000,BID,100.80,40,INSERT
1700000057100,ASK,100.40,45,INSERT
1700000057200,BID,100.00,50,INSERT
1700000057300,ASK,100.70,55,INSERT
1700000057400,BID,100.30,60,INSERT
1700000057500,ASK,101.00,65,INSERT
1700000057600,BID,100.60,30,INSERT
1700000057700,ASK,100.20,35,INSERT
1700000057800,BID,100.90,40,INSERT
1700000057900,ASK,100.50,45,INSERT
1700000058000,BID,100.10,50,INSERT
1700000058100,ASK,100.80,55,INSERT
1700000058200,BID,100.40,60,INSERT
1700000058300,ASK,100.00,65,INSERT
1700000058400,BID,100.70,30,INSERT
1700000058500,ASK,100.30,35,INSERT
1700000058600,BID,101.00,40,INSERT
1700000058700,ASK,100.60,45,INSERT
1700000058800,BID,100.20,50,INSERT
1700000058900,ASK,100.90,55,INSERT
1700000059000,BID,100.50,60,INSERT
1700000059100,ASK,100.10,65,INSERT
1700000059200,BID,100.80,30,INSERT
1700000059300,ASK,100.40,35,INSERT
1700000059400,BID,100.00,40,INSERT
1700000059500,ASK,100.70,45,INSERT
1700000059600,BID,100.30,50,INSERT
1700000059700,ASK,101.00,55,INSERT
1700000059800,BID,100.60,60,INSERT
1700000059900,ASK,100.20,65,INSERT
1700000060000,BID,100.90,30,INSERT
1700000060100,ASK,100.50,35,INSERT
1700000060200,BID,100.10,40,INSERT
1700000060300,ASK,100.80,45,INSERT
1700000060400,BID,100.40,50,INSERT
1700000060500,ASK,100.00,55,INSERT
1700000060600,BID,100.70,60,INSERT
1700000060700,ASK,100.30,65,INSERT
1700000060800,BID,101.00,30,INSERT
1700000060900,ASK,100.60,35,INSERT
1700000061000,BID,100.20,40,INSERT
1700000061100,ASK,100.90,45,INSERT
1700000061200,BID,100.50,50,INSERT
1700000061300,ASK,100.10,55,INSERT
1700000061400,BID,100.80,60,INSERT
1700000061500,ASK,100.40,65,INSERT
1700000061600,BID,100.00,30,INSERT
1700000061700,ASK,100.70,35,INSERT
1700000061800,BID,100.30,40,INSERT
1700000061900,ASK,101.00,45,INSERT
1700000062000,BID,100.60,50,INSERT
1700000062100,ASK,100.20,55,INSERT
1700000062200,BID,100.90,60,INSERT
1700000062300,ASK,100.50,65,INSERT
1700000062400,BID,100.10,30,INSERT
1700000062500,ASK,100.80,35,INSERT
1700000062600,BID,100.40,40,INSERT
1700000062700,ASK,100.00,45,INSERT
1700000062800,BID,100.70,50,INSERT
1700000062900,ASK,100.30,55,INSERT
1700000063000,BID,101.00,60,INSERT
1700000063100,ASK,100.60,65,INSERT
1700000063200,BID,100.20,30,INSERT
1700000063300,ASK,100.90,35,INSERT
1700000063400,BID,100.50,40,INSERT
1700000063500,ASK,100.10,45,INSERT
1700000063600,BID,100.80,50,INSERT
1700000063700,ASK,100.40,55,INSERT
1700000063800,BID,100.00,60,INSERT
1700000063900,ASK,100.70,65,INSERT
1700000064000,BID,100.30,30,INSERT
1700000064100,ASK,101.00,35,INSERT
1700000064200,BID,100.60,40,INSERT
1700000064300,ASK,100.20,45,INSERT
1700000064400,BID,100.90,50,INSERT
1700000064500,ASK,100.50,55,INSERT
1700000064600,BID,100.10,60,INSERT
1700000064700,ASK,100.80,65,INSERT
1700000064800,BID,100.40,30,INSERT
1700000064900,ASK,100.00,35,INSERT
1700000065000,BID,100.70,40,INSERT
1700000065100,ASK,100.30,45,INSERT
1700000065200,BID,101.00,50,INSERT
1700000065300,ASK,100.60,55,INSERT
1700000065400,BID,100.20,60,INSERT
1700000065500,ASK,100.90,65,INSERT
1700000065600,BID,100.50,30,INSERT
1700000065700,ASK,100.10,35,INSERT
1700000065800,BID,100.80,40,INSERT
1700000065900,ASK,100.40,45,INSERT
1700000066000,BID,100.00,50,INSERT
1700000066100,ASK,100.70,55,INSERT
1700000066200,BID,100.30,60,INSERT
1700000066300,ASK,101.00,65,INSERT
1700000066400,BID,100.60,30,INSERT
1700000066500,ASK,100.20,35,INSERT
1700000066600,BID,100.90,40,INSERT
1700000066700,ASK,100.50,45,INSERT
1700000066800,BID,100.10,50,INSERT
1700000066900,ASK,100.80,55,INSERT
1700000067000,BID,100.40,60,INSERT
1700000067100,ASK,100.00,65,INSERT
1700000067200,BID,100.70,30,INSERT
1700000067300,ASK,100.30,35,INSERT
1700000067400,BID,101.00,40,INSERT
1700000067500,ASK,100.60,45,INSERT
1700000067600,BID,100.20,50,INSERT
1700000067700,ASK,100.90,55,INSERT
1700000067800,BID,100.50,60,INSERT
1700000067900,ASK,100.10,65,INSERT
1700000068000,BID,100.80,30,INSERT
1700000068100,ASK,100.40,35,INSERT
1700000068200,BID,100.00,40,INSERT
1700000068300,ASK,100.70,45,INSERT
1700000068400,BID,100.30,50,INSERT
1700000068500,ASK,101.00,55,INSERT
1700000068600,BID,100.60,60,INSERT
1700000068700,ASK,100.20,65,INSERT
1700000068800,BID,100.90,30,INSERT
1700000068900,ASK,100.50,35,INSERT
1700000069000,BID,100.10,40,INSERT
1700000069100,ASK,100.80,45,INSERT
1700000069200,BID,100.40,50,INSERT
1700000069300,ASK,100.00,55,INSERT
1700000069400,BID,100.70,60,INSERT
1700000069500,ASK,100.30,65,INSERT
1700000069600,BID,101.00,30,INSERT
1700000069700,ASK,100.60,35,INSERT
1700000069800,BID,100.20,40,INSERT
1700000069900,ASK,100.90,45,INSERT
1700000070000,BID,100.50,50,INSERT
1700000070100,ASK,100.10,55,INSERT
1700000070200,BID,100.80,60,INSERT
1700000070300,ASK,100.40,65,INSERT
1700000070400,BID,100.00,30,INSERT
1700000070500,ASK,100.70,35,INSERT
1700000070600,BID,100.30,40,INSERT
1700000070700,ASK,101.00,45,INSERT
1700000070800,BID,100.60,50,INSERT
1700000070900,ASK,100.20,55,INSERT
1700000071000,BID,100.90,60,INSERT
1700000071100,ASK,100.50,65,INSERT
1700000071200,BID,100.10,30,INSERT
1700000071300,ASK,100.80,35,INSERT
1700000071400,BID,100.40,40,INSERT
1700000071500,ASK,100.00,45,INSERT
1700000071600,BID,100.70,50,INSERT
1700000071700,ASK,100.30,55,INSERT
1700000071800,BID,101.00,60,INSERT
1700000071900,ASK,100.60,65,INSERT
1700000072000,BID,100.20,30,INSERT
1700000072100,ASK,100.90,35,INSERT
1700000072200,BID,100.50,40,INSERT
1700000072300,ASK,100.10,45,INSERT
1700000072400,BID,100.80,50,INSERT
1700000072500,ASK,100.40,55,INSERT
1700000072600,BID,100.00,60,INSERT
1700000072700,ASK,100.70,65,INSERT
1700000072800,BID,100.30,30,INSERT
1700000072900,ASK,101.00,35,INSERT
1700000073000,BID,100.60,40,INSERT
1700000073100,ASK,100.20,45,INSERT
1700000073200,BID,100.90,50,INSERT
1700000073300,ASK,100.50,55,INSERT
1700000073400,BID,100.10,60,INSERT
1700000073500,ASK,100.80,65,INSERT
1700000073600,BID,100.40,30,INSERT
1700000073700,ASK,100.00,35,INSERT
1700000073800,BID,100.70,40,INSERT
1700000073900,ASK,100.30,45,INSERT
1700000074000,BID,101.00,50,INSERT
1700000074100,ASK,100.60,55,INSERT
1700000074200,BID,100.20,60,INSERT
1700000074300,ASK,100.90,65,INSERT
1700000074400,BID,100.50,30,INSERT
1700000074500,ASK,100.10,35,INSERT
1700000074600,BID,100.80,40,INSERT
1700000074700,ASK,100.40,45,INSERT
1700000074800,BID,100.00,50,INSERT
1700000074900,ASK,100.70,55,INSERT
1700000075000,BID,100.30,60,INSERT
1700000075100,ASK,101.00,65,INSERT
1700000075200,BID,100.60,30,INSERT
1700000075300,ASK,100.20,35,INSERT
1700000075400,BID,100.90,40,INSERT
1700000075500,ASK,100.50,45,INSERT
1700000075600,BID,100.10,50,INSERT
1700000075700,ASK,100.80,55,INSERT
1700000075800,BID,100.40,60,INSERT
1700000075900,ASK,100.00,65,INSERT
1700000076000,BID,100.70,30,INSERT
1700000076100,ASK,100.30,35,INSERT
1700000076200,BID,101.00,40,INSERT
1700000076300,ASK,100.60,45,INSERT
1700000076400,BID,100.20,50,INSERT
1700000076500,ASK,100.90,55,INSERT
1700000076600,BID,100.50,60,INSERT
1700000076700,ASK,100.10,65,INSERT
1700000076800,BID,100.80,30,INSERT
1700000076900,ASK,100.40,35,INSERT
1700000077000,BID,100.00,40,INSERT
1700000077100,ASK,100.70,45,INSERT
1700000077200,BID,100.30,50,INSERT
1700000077300,ASK,101.00,55,INSERT
1700000077400,BID,100.60,60,INSERT
1700000077500,ASK,100.20,65,INSERT
1700000077600,BID,100.90,30,INSERT
1700000077700,ASK,100.50,35,INSERT
1700000077800,BID,100.10,40,INSERT
1700000077900,ASK,100.80,45,INSERT
1700000078000,BID,100.40,50,INSERT
1700000078100,ASK,100.00,55,INSERT
1700000078200,BID,100.70,60,INSERT
1700000078300,ASK,100.30,65,INSERT
1700000078400,BID,101.00,30,INSERT
1700000078500,ASK,100.60,35,INSERT
1700000078600,BID,100.20,40,INSERT
1700000078700,ASK,100.90,45,INSERT
1700000078800,BID,100.50,50,INSERT
1700000078900,ASK,100.10,55,INSERT
1700000079000,BID,100.80,60,INSERT
1700000079100,ASK,100.40,65,INSERT
1700000079200,BID,100.00,30,INSERT
1700000079300,ASK,100.70,35,INSERT
1700000079400,BID,100.30,40,INSERT
1700000079500,ASK,101.00,45,INSERT
1700000079600,BID,100.60,50,INSERT
1700000079700,ASK,100.20,55,INSERT
1700000079800,BID,100.90,60,INSERT
1700000079900,ASK,100.50,65,INSERT
1700000080000,BID,100.10,30,INSERT
1700000080100,ASK,100.80,35,INSERT
1700000080200,BID,100.40,40,INSERT
1700000080300,ASK,100.00,45,INSERT
1700000080400,BID,100.70,50,INSERT
1700000080500,ASK,100.30,55,INSERT
1700000080600,BID,101.00,60,INSERT
1700000080700,ASK,100.60,65,INSERT
1700000080800,BID,100.20,30,INSERT
1700000080900,ASK,100.90,35,INSERT
1700000081000,BID,100.50,40,INSERT
1700000081100,ASK,100.10,45,INSERT
1700000081200,BID,100.80,50,INSERT
1700000081300,ASK,100.40,55,INSERT
1700000081400,BID,100.00,60,INSERT
1700000081500,ASK,100.70,65,INSERT
1700000081600,BID,100.30,30,INSERT
1700000081700,ASK,101.00,35,INSERT
1700000081800,BID,100.60,40,INSERT
1700000081900,ASK,100.20,45,INSERT
1700000082000,BID,100.90,50,INSERT
1700000082100,ASK,100.50,55,INSERT
1700000082200,BID,100.10,60,INSERT
1700000082300,ASK,100.80,65,INSERT
1700000082400,BID,100.40,30,INSERT
1700000082500,ASK,100.00,35,INSERT
1700000082600,BID,100.70,40,INSERT
1700000082700,ASK,100.30,45,INSERT
1700000082800,BID,101.00,50,INSERT
1700000082900,ASK,100.60,55,INSERT
1700000083000,BID,100.20,60,INSERT
1700000083100,ASK,100.90,65,INSERT
1700000083200,BID,100.50,30,INSERT
1700000083300,ASK,100.10,35,INSERT
1700000083400,BID,100.80,40,INSERT
1700000083500,ASK,100.40,45,INSERT
1700000083600,BID,100.00,50,INSERT
1700000083700,ASK,100.70,55,INSERT
1700000083800,BID,100.30,60,INSERT
1700000083900,ASK,101.00,65,INSERT
1700000084000,BID,100.60,30,INSERT
1700000084100,ASK,100.20,35,INSERT
1700000084200,BID,100.90,40,INSERT
1700000084300,ASK,100.50,45,INSERT
1700000084400,BID,100.10,50,INSERT
1700000084500,ASK,100.80,55,INSERT
1700000084600,BID,100.40,60,INSERT
1700000084700,ASK,100.00,65,INSERT
1700000084800,BID,100.70,30,INSERT
1700000084900,ASK,100.30,35,INSERT
1700000085000,BID,101.00,40,INSERT
1700000085100,ASK,100.60,45,INSERT
1700000085200,BID,100.20,50,INSERT
1700000085300,ASK,100.90,55,INSERT
1700000085400,BID,100.50,60,INSERT
1700000085500,ASK,100.10,65,INSERT
1700000085600,BID,100.80,30,INSERT
1700000085700,ASK,100.40,35,INSERT
1700000085800,BID,100.00,40,INSERT
1700000085900,ASK,100.70,45,INSERT
1700000086000,BID,100.30,50,INSERT
1700000086100,ASK,101.00,55,INSERT
1700000086200,BID,100.60,60,INSERT
1700000086300,ASK,100.20,65,INSERT
1700000086400,BID,100.90,30,INSERT
1700000086500,ASK,100.50,35,INSERT
1700000086600,BID,100.10,40,INSERT
1700000086700,ASK,100.80,45,INSERT
1700000086800,BID,100.40,50,INSERT
1700000086900,ASK,100.00,55,INSERT
1700000087000,BID,100.70,60,INSERT
1700000087100,ASK,100.30,65,INSERT
1700000087200,BID,101.00,30,INSERT
1700000087300,ASK,100.60,35,INSERT
1700000087400,BID,100.20,40,INSERT
1700000087500,ASK,100.90,45,INSERT
1700000087600,BID,100.50,50,INSERT
1700000087700,ASK,100.10,55,INSERT
1700000087800,BID,100.80,60,INSERT
1700000087900,ASK,100.40,65,INSERT
1700000088000,BID,100.00,30,INSERT
1700000088100,ASK,100.70,35,INSERT
1700000088200,BID,100.30,40,INSERT
1700000088300,ASK,101.00,45,INSERT
1700000088400,BID,100.60,50,INSERT
1700000088500,ASK,100.20,55,INSERT
1700000088600,BID,100.90,60,INSERT
1700000088700,ASK,100.50,65,INSERT
1700000088800,BID,100.10,30,INSERT
1700000088900,ASK,100.80,35,INSERT
1700000089000,BID,100.40,40,INSERT
1700000089100,ASK,100.00,45,INSERT
1700000089200,BID,100.70,50,INSERT
1700000089300,ASK,100.30,55,INSERT
1700000089400,BID,101.00,60,INSERT
1700000089500,ASK,100.60,65,INSERT
1700000089600,BID,100.20,30,INSERT
1700000089700,ASK,100.90,35,INSERT
1700000089800,BID,100.50,40,INSERT
1700000089900,ASK,100.10,45,INSERT
1700000090000,BID,100.80,50,INSERT
1700000090100,ASK,100.40,55,INSERT
1700000090200,BID,100.00,60,INSERT
1700000090300,ASK,100.70,65,INSERT
1700000090400,BID,100.30,30,INSERT
1700000090500,ASK,101.00,35,INSERT
1700000090600,BID,100.60,40,INSERT
1700000090700,ASK,100.20,45,INSERT
1700000090800,BID,100.90,50,INSERT
1700000090900,ASK,100.50,55,INSERT
1700000091000,BID,100.10,60,INSERT
1700000091100,ASK,100.80,65,INSERT
1700000091200,BID,100.40,30,INSERT
1700000091300,ASK,100.00,35,INSERT
1700000091400,BID,100.70,40,INSERT
1700000091500,ASK,100.30,45,INSERT
1700000091600,BID,101.00,50,INSERT
1700000091700,ASK,100.60,55,INSERT
1700000091800,BID,100.20,60,INSERT
1700000091900,ASK,100.90,65,INSERT
1700000092000,BID,100.50,30,INSERT
1700000092100,ASK,100.10,35,INSERT
1700000092200,BID,100.80,40,INSERT
1700000092300,ASK,100.40,45,INSERT
1700000092400,BID,100.00,50,INSERT
1700000092500,ASK,100.70,55,INSERT
1700000092600,BID,100.30,60,INSERT
1700000092700,ASK,101.00,65,INSERT
1700000092800,BID,100.60,30,INSERT
1700000092900,ASK,100.20,35,INSERT
1700000093000,BID,100.90,40,INSERT
1700000093100,ASK,100.50,45,INSERT
1700000093200,BID,100.10,50,INSERT
1700000093300,ASK,100.80,55,INSERT
1700000093400,BID,100.40,60,INSERT
1700000093500,ASK,100.00,65,INSERT
1700000093600,BID,100.70,30,INSERT
1700000093700,ASK,100.30,35,INSERT
1700000093800,BID,101.00,40,INSERT
1700000093900,ASK,100.60,45,INSERT
1700000094000,BID,100.20,50,INSERT
1700000094100,ASK,100.90,55,INSERT
1700000094200,BID,100.50,60,INSERT
1700000094300,ASK,100.10,65,INSERT
1700000094400,BID,100.80,30,INSERT
1700000094500,ASK,100.40,35,INSERT
1700000094600,BID,100.00,40,INSERT
1700000094700,ASK,100.70,45,INSERT
1700000094800,BID,100.30,50,INSERT
1700000094900,ASK,101.00,55,INSERT
1700000095000,BID,100.60,60,INSERT
1700000095100,ASK,100.20,65,INSERT
1700000095200,BID,100.90,30,INSERT
1700000095300,ASK,100.50,35,INSERT
1700000095400,BID,100.10,40,INSERT
1700000095500,ASK,100.80,45,INSERT
1700000095600,BID,100.40,50,INSERT
1700000095700,ASK,100.00,55,INSERT
1700000095800,BID,100.70,60,INSERT
1700000095900,ASK,100.30,65,INSERT
1700000096000,BID,101.00,30,INSERT
1700000096100,ASK,100.60,35,INSERT
1700000096200,BID,100.20,40,INSERT
1700000096300,ASK,100.90,45,INSERT
1700000096400,BID,100.50,50,INSERT
1700000096500,ASK,100.10,55,INSERT
1700000096600,BID,100.80,60,INSERT
1700000096700,ASK,100.40,65,INSERT
1700000096800,BID,100.00,30,INSERT
1700000096900,ASK,100.70,35,INSERT
1700000097000,BID,100.30,40,INSERT
1700000097100,ASK,101.00,45,INSERT
1700000097200,BID,100.60,50,INSERT
1700000097300,ASK,100.20,55,INSERT
1700000097400,BID,100.90,60,INSERT
1700000097500,ASK,100.50,65,INSERT
1700000097600,BID,100.10,30,INSERT
1700000097700,ASK,100.80,35,INSERT
1700000097800,BID,100.40,40,INSERT
1700000097900,ASK,100.00,45,INSERT
1700000098000,BID,100.70,50,INSERT
1700000098100,ASK,100.30,55,INSERT
1700000098200,BID,101.00,60,INSERT
1700000098300,ASK,100.60,65,INSERT
1700000098400,BID,100.20,30,INSERT
1700000098500,ASK,100.90,35,INSERT
1700000098600,BID,100.50,40,INSERT
1700000098700,ASK,100.10,45,INSERT
1700000098800,BID,100.80,50,INSERT
1700000098900,ASK,100.40,55,INSERT
1700000099000,BID,100.00,60,INSERT
1700000099100,ASK,100.70,65,INSERT
1700000099200,BID,100.30,30,INSERT
1700000099300,ASK,101.00,35,INSERT
1700000099400,BID,100.60,40,INSERT
1700000099500,ASK,100.20,45,INSERT
1700000099600,BID,100.90,50,INSERT
1700000099700,ASK,100.50,55,INSERT
1700000099800,BID,100.10,60,INSERT
1700000099900,ASK,100.80,65,INSERT
1700000100000,BID,100.40,30,INSERT
1700000100100,ASK,100.00,35,INSERT
1700000100200,BID,100.70,40,INSERT
1700000100300,ASK,100.30,45,INSERT
1700000100400,BID,101.00,50,INSERT
1700000100500,ASK,100.60,55,INSERT
1700000100600,BID,100.20,60,INSERT
1700000100700,ASK,100.90,65,INSERT
1700000100800,BID,100.50,30,INSERT
1700000100900,ASK,100.10,35,INSERT
1700000101000,BID,100.80,40,INSERT
1700000101100,ASK,100.40,45,INSERT
1700000101200,BID,100.00,50,INSERT
1700000101300,ASK,100.70,55,INSERT
1700000101400,BID,100.30,60,INSERT
1700000101500,ASK,101.00,65,INSERT
1700000101600,BID,100.60,30,INSERT
1700000101700,ASK,100.20,35,INSERT
1700000101800,BID,100.90,40,INSERT
1700000101900,ASK,100.50,45,INSERT
1700000102000,BID,100.10,50,INSERT
1700000102100,ASK,100.80,55,INSERT
1700000102200,BID,100.40,60,INSERT
1700000102300,ASK,100.00,65,INSERT
1700000102400,BID,100.70,30,INSERT
1700000102500,ASK,100.30,35,INSERT
1700000102600,BID,101.00,40,INSERT
1700000102700,ASK,100.60,45,INSERT
1700000102800,BID,100.20,50,INSERT
1700000102900,ASK,100.90,55,INSERT
1700000103000,BID,100.50,60,INSERT
1700000103100,ASK,100.10,65,INSERT
1700000103200,BID,100.80,30,INSERT
1700000103300,ASK,100.40,35,INSERT
1700000103400,BID,100.00,40,INSERT
1700000103500,ASK,100.70,45,INSERT
1700000103600,BID,100.30,50,INSERT
1700000103700,ASK,101.00,55,INSERT
1700000103800,BID,100.60,60,INSERT
1700000103900,ASK,100.20,65,INSERT
1700000104000,BID,100.90,30,INSERT
1700000104100,ASK,100.50,35,INSERT
1700000104200,BID,100.10,40,INSERT
1700000104300,ASK,100.80,45,INSERT
1700000104400,BID,100.40,50,INSERT
1700000104500,ASK,100.00,55,INSERT
1700000104600,BID,100.70,60,INSERT
1700000104700,ASK,100.30,65,INSERT
1700000104800,BID,101.00,30,INSERT
1700000104900,ASK,100.60,35,INSERT
1700000105000,BID,100.20,40,INSERT
1700000105100,ASK,100.90,45,INSERT
1700000105200,BID,100.50,50,INSERT
1700000105300,ASK,100.10,55,INSERT
1700000105400,BID,100.80,60,INSERT
1700000105500,ASK,100.40,65,INSERT
1700000105600,BID,100.00,30,INSERT
1700000105700,ASK,100.70,35,INSERT
1700000105800,BID,100.30,40,INSERT
1700000105900,ASK,101.00,45,INSERT
1700000106000,BID,100.60,50,INSERT
1700000106100,ASK,100.20,55,INSERT
1700000106200,BID,100.90,60,INSERT
1700000106300,ASK,100.50,65,INSERT
1700000106400,BID,100.10,30,INSERT
1700000106500,ASK,100.80,35,INSERT
1700000106600,BID,100.40,40,INSERT
1700000106700,ASK,100.00,45,INSERT
1700000106800,BID,100.70,50,INSERT
1700000106900,ASK,100.30,55,INSERT
1700000107000,BID,101.00,60,INSERT
1700000107100,ASK,100.60,65,INSERT
1700000107200,BID,100.20,30,INSERT
1700000107300,ASK,100.90,35,INSERT
1700000107400,BID,100.50,40,INSERT
1700000107500,ASK,100.10,45,INSERT
1700000107600,BID,100.80,50,INSERT
1700000107700,ASK,100.40,55,INSERT
1700000107800,BID,100.00,60,INSERT
1700000107900,ASK,100.70,65,INSERT
1700000108000,BID,100.30,30,INSERT
1700000108100,ASK,101.00,35,INSERT
1700000108200,BID,100.60,40,INSERT
1700000108300,ASK,100.20,45,INSERT
1700000108400,BID,100.90,50,INSERT
1700000108500,ASK,100.50,55,INSERT
1700000108600,BID,100.10,60,INSERT
1700000108700,ASK,100.80,65,INSERT
1700000108800,BID,100.40,30,INSERT
1700000108900,ASK,100.00,35,INSERT
1700000109000,BID,100.70,40,INSERT
1700000109100,ASK,100.30,45,INSERT
1700000109200,BID,101.00,50,INSERT
1700000109300,ASK,100.60,55,INSERT
1700000109400,BID,100.20,60,INSERT
1700000109500,ASK,100.90,65,INSERT
1700000109600,BID,100.50,30,INSERT
1700000109700,ASK,100.10,35,INSERT
1700000109800,BID,100.80,40,INSERT
1700000109900,ASK,100.40,45,INSERT
1700000110000,BID,100.00,50,INSERT
1700000110100,ASK,100.70,55,INSERT
1700000110200,BID,100.30,60,INSERT
1700000110300,ASK,101.00,65,INSERT
1700000110400,BID,100.60,30,INSERT
1700000110500,ASK,100.20,35,INSERT
1700000110600,BID,100.90,40,INSERT
1700000110700,ASK,100.50,45,INSERT
1700000110800,BID,100.10,50,INSERT
1700000110900,ASK,100.80,55,INSERT
1700000111000,BID,100.40,60,INSERT
1700000111100,ASK,100.00,65,INSERT
1700000111200,BID,100.70,30,INSERT
1700000111300,ASK,100.30,35,INSERT
1700000111400,BID,101.00,40,INSERT
1700000111500,ASK,100.60,45,INSERT
1700000111600,BID,100.20,50,INSERT
1700000111700,ASK,100.90,55,INSERT
1700000111800,BID,100.50,60,INSERT
1700000111900,ASK,100.10,65,INSERT
1700000112000,BID,100.80,30,INSERT
1700000112100,ASK,100.40,35,INSERT
1700000112200,BID,100.00,40,INSERT
1700000112300,ASK,100.70,45,INSERT
1700000112400,BID,100.30,50,INSERT
1700000112500,ASK,101.00,55,INSERT
1700000112600,BID,100.60,60,INSERT
1700000112700,ASK,100.20,65,INSERT
1700000112800,BID,100.90,30,INSERT
1700000112900,ASK,100.50,35,INSERT
1700000113000,BID,100.10,40,INSERT
1700000113100,ASK,100.80,45,INSERT
1700000113200,BID,100.40,50,INSERT
1700000113300,ASK,100.00,55,INSERT
1700000113400,BID,100.70,60,INSERT
1700000113500,ASK,100.30,65,INSERT
1700000113600,BID,101.00,30,INSERT
1700000113700,ASK,100.60,35,INSERT
1700000113800,BID,100.20,40,INSERT
1700000113900,ASK,100.90,45,INSERT
1700000114000,BID,100.50,50,INSERT
1700000114100,ASK,100.10,55,INSERT
1700000114200,BID,100.80,60,INSERT
1700000114300,ASK,100.40,65,INSERT
1700000114400,BID,100.00,30,INSERT
1700000114500,ASK,100.70,35,INSERT
1700000114600,BID,100.30,40,INSERT
1700000114700,ASK,101.00,45,INSERT
1700000114800,BID,100.60,50,INSERT
1700000114900,ASK,100.20,55,INSERT
1700000115000,BID,100.90,60,INSERT
1700000115100,ASK,100.50,65,INSERT
1700000115200,BID,100.10,30,INSERT
1700000115300,ASK,100.80,35,INSERT
1700000115400,BID,100.40,40,INSERT
1700000115500,ASK,100.00,45,INSERT
1700000115600,BID,100.70,50,INSERT
1700000115700,ASK,100.30,55,INSERT
1700000115800,BID,101.00,60,INSERT
1700000115900,ASK,100.60,65,INSERT
1700000116000,BID,100.20,30,INSERT
1700000116100,ASK,100.90,35,INSERT
1700000116200,BID,100.50,40,INSERT
1700000116300,ASK,100.10,45,INSERT
1700000116400,BID,100.80,50,INSERT
1700000116500,ASK,100.40,55,INSERT
1700000116600,BID,100.00,60,INSERT
1700000116700,ASK,100.70,65,INSERT
1700000116800,BID,100.30,30,INSERT
1700000116900,ASK,101.00,35,INSERT
1700000117000,BID,100.60,40,INSERT
1700000117100,ASK,100.20,45,INSERT
1700000117200,BID,100.90,50,INSERT
1700000117300,ASK,100.50,55,INSERT
1700000117400,BID,100.10,60,INSERT
1700000117500,ASK,100.80,65,INSERT
1700000117600,BID,100.40,30,INSERT
1700000117700,ASK,100.00,35,INSERT
1700000117800,BID,100.70,40,INSERT
1700000117900,ASK,100.30,45,INSERT
1700000118000,BID,101.00,50,INSERT
1700000118100,ASK,100.60,55,INSERT
1700000118200,BID,100.20,60,INSERT
1700000118300,ASK,100.90,65,INSERT
1700000118400,BID,100.50,30,INSERT
1700000118500,ASK,100.10,35,INSERT
1700000118600,BID,100.80,40,INSERT
1700000118700,ASK,100.40,45,INSERT
1700000118800,BID,100.00,50,INSERT
1700000118900,ASK,100.70,55,INSERT
1700000119000,BID,100.30,60,INSERT
1700000119100,ASK,101.00,65,INSERT
1700000119200,BID,100.60,30,INSERT
1700000119300,ASK,100.20,35,INSERT
1700000119400,BID,100.90,40,INSERT
1700000119500,ASK,100.50,45,INSERT
1700000119600,BID,100.10,50,INSERT
1700000119700,ASK,100.80,55,INSERT
1700000119800,BID,100.40,60,INSERT
1700000119900,ASK,100.00,65,INSERT
